paragraph_type,forms,total,line,form,kind,text
title:a. adding information,heading-5=1,1,792,heading-5,heading,##### A. Adding Information
title:a. opening & activation,heading-3=23,23,28,heading-3,heading,### A. Opening & Activation
title:a. opening & activation,heading-3=23,23,394,heading-3,heading,### A. Opening & Activation
title:a. opening & activation,heading-3=23,23,712,heading-3,heading,### A. Opening & Activation
title:a. opening & activation,heading-3=23,23,1045,heading-3,heading,### A. Opening & Activation
title:a. opening & activation,heading-3=23,23,1380,heading-3,heading,### A. Opening & Activation
title:a. opening & activation,heading-3=23,23,1710,heading-3,heading,### A. Opening & Activation
title:a. opening & activation,heading-3=23,23,2071,heading-3,heading,### A. Opening & Activation
title:a. opening & activation,heading-3=23,23,2368,heading-3,heading,### A. Opening & Activation
title:actions taken,bold-only=1,1,6906,bold-only,bold-title,**Actions Taken**
"title:administrative writing, advanced",heading-4=1,1,7925,heading-4,heading,"#### Administrative Writing, Advanced"
title:analytic rubric,heading-4=1,1,7969,heading-4,heading,#### Analytic Rubric
title:annotated model - model feature analysis,heading-4=3,3,2733,heading-4,heading,#### Annotated Model — Model Feature Analysis (B4)
title:annotated model - model feature analysis,heading-4=3,3,4449,heading-4,heading,#### Annotated Model — Model Feature Analysis (B4)
title:annotated model - model feature analysis,heading-4=3,3,5175,heading-4,heading,#### Annotated Model — Model Feature Analysis (B4)
title:annotated model - model feature analysis (code) ★,heading-4=1,1,1762,heading-4,heading,#### Annotated Model — Model Feature Analysis (B4) ★
title:applicant processing - code summary,bold-only=1,1,5508,bold-only,bold-title,**Applicant Processing — Q3 Summary**
title:areas for improvement:,bold-only=1,1,5152,bold-only,bold-title,**Areas For Improvement:**
"title:asking clear, answerable questions",heading-4=1,1,3764,heading-4,heading,"#### 2. Asking Clear, Answerable Questions"
title:audience signals and layered explanation,heading-4=1,1,4481,heading-4,heading,#### 1. Audience Signals and Layered Explanation
title:audience-appropriate tone - guided skill practice,heading-4=1,1,523,heading-4,heading,#### 3. Audience-Appropriate Tone — Guided Skill Practice (C2)
title:avoiding assumed knowledge,heading-4=1,1,4510,heading-4,heading,#### 2. Avoiding Assumed Knowledge
title:b. model text,heading-3=23,23,48,heading-3,heading,### B. Model Text
title:b. model text,heading-3=23,23,412,heading-3,heading,### B. Model Text
title:b. model text,heading-3=23,23,743,heading-3,heading,### B. Model Text
title:b. model text,heading-3=23,23,1061,heading-3,heading,### B. Model Text
title:b. model text,heading-3=23,23,1396,heading-3,heading,### B. Model Text
title:b. model text,heading-3=23,23,1730,heading-3,heading,### B. Model Text
title:b. model text,heading-3=23,23,2085,heading-3,heading,### B. Model Text
title:b. model text,heading-3=23,23,2395,heading-3,heading,### B. Model Text
title:b. showing result,heading-5=1,1,796,heading-5,heading,##### B. Showing Result
title:building the rationale: reasoning and benefits,heading-4=1,1,4849,heading-4,heading,#### 2. Building the Rationale: Reasoning and Benefits
title:c. language focus,heading-3=23,23,101,heading-3,heading,### C. Language Focus
title:c. language focus,heading-3=23,23,457,heading-3,heading,### C. Language Focus
title:c. language focus,heading-3=23,23,788,heading-3,heading,### C. Language Focus
title:c. language focus,heading-3=23,23,1102,heading-3,heading,### C. Language Focus
title:c. language focus,heading-3=23,23,1440,heading-3,heading,### C. Language Focus
title:c. language focus,heading-3=23,23,1810,heading-3,heading,### C. Language Focus
title:c. language focus,heading-3=23,23,2129,heading-3,heading,### C. Language Focus
title:c. language focus,heading-3=23,23,2450,heading-3,heading,### C. Language Focus
title:c. showing contrast,heading-5=1,1,800,heading-5,heading,##### C. Showing Contrast
title:capstone scenario,bold-only=1,1,7660,bold-only,bold-title,**Capstone Scenario**
title:change management notice template,bold-only=1,1,2826,bold-only,bold-title,**Change Management Notice Template**
title:clarity patterns for administrative writing - guided skill practice,heading-4=1,1,169,heading-4,heading,#### 3. Clarity Patterns For Administrative Writing — Guided Skill Practice (C3)
title:classification / matching - match functions and forms,heading-4=2,2,3057,heading-4,heading,#### Classification / Matching — Match Functions And Forms (C2)
title:classification / matching - match functions and forms,heading-4=2,2,3734,heading-4,heading,#### Classification / Matching — Match Functions And Forms (C2)
title:cohesive devices - guided skill practice,heading-4=1,1,790,heading-4,heading,#### 1. Cohesive Devices — Guided Skill Practice (C6)
title:comparative peer review - compare revision choices,heading-4=5,5,3910,heading-4,heading,#### Comparative Peer Review — Compare Revision Choices (F2)
title:comparative peer review - compare revision choices,heading-4=5,5,5344,heading-4,heading,#### Comparative Peer Review — Compare Revision Choices (F2)
title:comparative peer review - compare revision choices,heading-4=5,5,5996,heading-4,heading,#### Comparative Peer Review — Compare Revision Choices (F2)
title:comparative peer review - compare revision choices,heading-4=5,5,7236,heading-4,heading,#### Comparative Peer Review — Compare Revision Choices (F2)
title:comparative peer review - compare revision choices,heading-4=5,5,7546,heading-4,heading,#### Comparative Peer Review — Compare Revision Choices (F2)
title:compare two texts - exemplar analysis,heading-4=1,1,7654,heading-4,heading,#### Compare Two Texts — Exemplar Analysis (B1)
title:compare two texts - tone and clarity analysis,heading-4=22,22,65,heading-4,heading,#### Compare Two Texts — Tone And Clarity Analysis (B1)
title:compare two texts - tone and clarity analysis,heading-4=22,22,427,heading-4,heading,#### Compare Two Texts — Tone And Clarity Analysis (B1)
title:compare two texts - tone and clarity analysis,heading-4=22,22,758,heading-4,heading,#### Compare Two Texts — Tone And Clarity Analysis (B1)
title:compare two texts - tone and clarity analysis,heading-4=22,22,1063,heading-4,heading,#### Compare Two Texts — Tone And Clarity Analysis (B1)
title:compare two texts - tone and clarity analysis,heading-4=22,22,1398,heading-4,heading,#### Compare Two Texts — Tone And Clarity Analysis (B1)
title:compare two texts - tone and clarity analysis,heading-4=22,22,1732,heading-4,heading,#### Compare Two Texts — Tone And Clarity Analysis (B1)
title:compare two texts - tone and clarity analysis,heading-4=22,22,2087,heading-4,heading,#### Compare Two Texts — Tone And Clarity Analysis (B1)
title:compare two texts - tone and clarity analysis,heading-4=22,22,2397,heading-4,heading,#### Compare Two Texts — Tone And Clarity Analysis (B1)
title:constrained free write - controlled independent response,heading-4=1,1,3158,heading-4,heading,#### Constrained Free Write — Controlled Independent Response (E2)
title:contrastive warm-up - compare initial choices,heading-4=2,2,4391,heading-4,heading,#### Contrastive Warm-Up — Compare Initial Choices (A6)
title:contrastive warm-up - compare initial choices,heading-4=2,2,6113,heading-4,heading,#### Contrastive Warm-Up — Compare Initial Choices (A6)
title:contrastive warm-up - compare initial choices (code) ★,heading-4=1,1,1712,heading-4,heading,#### Contrastive Warm-Up — Compare Initial Choices (A6) ★
title:coordination (joining equal ideas),heading-4=1,1,109,heading-4,heading,#### 1. Coordination (Joining Equal Ideas)
title:d. clarifying or specifying,heading-5=1,1,804,heading-5,heading,##### D. Clarifying Or Specifying
title:d. guided writing,heading-3=23,23,226,heading-3,heading,### D. Guided Writing
title:d. guided writing,heading-3=23,23,554,heading-3,heading,### D. Guided Writing
title:d. guided writing,heading-3=23,23,879,heading-3,heading,### D. Guided Writing
title:d. guided writing,heading-3=23,23,1174,heading-3,heading,### D. Guided Writing
title:d. guided writing,heading-3=23,23,1516,heading-3,heading,### D. Guided Writing
title:d. guided writing,heading-3=23,23,1876,heading-3,heading,### D. Guided Writing
title:d. guided writing,heading-3=23,23,2183,heading-3,heading,### D. Guided Writing
title:d. guided writing,heading-3=23,23,2494,heading-3,heading,### D. Guided Writing
title:data interpretation input - source data analysis,heading-4=4,4,3359,heading-4,heading,#### Data Interpretation Input — Source Data Analysis (B7)
title:data interpretation input - source data analysis,heading-4=4,4,4078,heading-4,heading,#### Data Interpretation Input — Source Data Analysis (B7)
title:data interpretation input - source data analysis,heading-4=4,4,5502,heading-4,heading,#### Data Interpretation Input — Source Data Analysis (B7)
title:data interpretation input - source data analysis,heading-4=4,4,6935,heading-4,heading,#### Data Interpretation Input — Source Data Analysis (B7)
title:decisions / action items:,bold-only=1,1,3334,bold-only,bold-title,**Decisions / Action Items:**
title:describing actions taken,heading-4=1,1,7041,heading-4,heading,#### 3. Describing Actions Taken
title:describing risk,heading-4=1,1,4110,heading-4,heading,#### 1. Describing Risk
title:diplomatic frames for highlighting errors,heading-4=1,1,1812,heading-4,heading,#### 1. Diplomatic Frames for Highlighting Errors
title:discussion questions - activate prior knowledge,heading-4=2,2,396,heading-4,heading,#### Discussion Questions — Activate Prior Knowledge (A1)
title:discussion questions - activate prior knowledge,heading-4=2,2,7642,heading-4,heading,#### Discussion Questions — Activate Prior Knowledge (A1)
title:draft a justification for one scenario - justification writing practice,heading-4=1,1,6707,heading-4,heading,#### Draft A Justification For One Scenario — Justification Writing Practice (D2)
title:e. freer writing,heading-3=23,23,288,heading-3,heading,### E. Freer Writing
title:e. freer writing,heading-3=23,23,600,heading-3,heading,### E. Freer Writing
title:e. freer writing,heading-3=23,23,926,heading-3,heading,### E. Freer Writing
title:e. freer writing,heading-3=23,23,1252,heading-3,heading,### E. Freer Writing
title:e. freer writing,heading-3=23,23,1578,heading-3,heading,### E. Freer Writing
title:e. freer writing,heading-3=23,23,1925,heading-3,heading,### E. Freer Writing
title:e. freer writing,heading-3=23,23,2231,heading-3,heading,### E. Freer Writing
title:e. freer writing,heading-3=23,23,2539,heading-3,heading,### E. Freer Writing
title:editing exercise - conditional and hedging structures,heading-4=1,1,4299,heading-4,heading,#### Editing Exercise — Conditional And Hedging Structures (G1)
title:editing exercise - improve clarity and flow,heading-4=8,8,329,heading-4,heading,#### Editing Exercise — Improve Clarity And Flow (G1)
title:editing exercise - improve clarity and flow,heading-4=8,8,649,heading-4,heading,#### Editing Exercise — Improve Clarity And Flow (G1)
title:editing exercise - improve clarity and flow,heading-4=8,8,970,heading-4,heading,#### Editing Exercise — Improve Clarity And Flow (G1)
title:editing exercise - improve clarity and flow,heading-4=8,8,1309,heading-4,heading,#### Editing Exercise — Improve Clarity And Flow (G1)
title:editing exercise - improve clarity and flow,heading-4=8,8,1636,heading-4,heading,#### Editing Exercise — Improve Clarity And Flow (G1)
title:editing exercise - improve clarity and flow,heading-4=8,8,1982,heading-4,heading,#### Editing Exercise — Improve Clarity And Flow (G1)
title:editing exercise - improve clarity and flow,heading-4=8,8,2288,heading-4,heading,#### Editing Exercise — Improve Clarity And Flow (G1)
title:editing exercise - improve clarity and flow,heading-4=8,8,3218,heading-4,heading,#### Editing Exercise — Improve Clarity And Flow (G1)
title:editing workshop - paragraph-level,heading-4=10,10,2594,heading-4,heading,#### Editing Workshop — Paragraph-Level (G2)
title:editing workshop - paragraph-level,heading-4=10,10,2911,heading-4,heading,#### Editing Workshop — Paragraph-Level (G2)
title:editing workshop - paragraph-level,heading-4=10,10,3538,heading-4,heading,#### Editing Workshop — Paragraph-Level (G2)
title:editing workshop - paragraph-level,heading-4=10,10,3939,heading-4,heading,#### Editing Workshop — Paragraph-Level (G2)
title:editing workshop - paragraph-level,heading-4=10,10,4663,heading-4,heading,#### Editing Workshop — Paragraph-Level (G2)
title:editing workshop - paragraph-level,heading-4=10,10,5688,heading-4,heading,#### Editing Workshop — Paragraph-Level (G2)
title:editing workshop - paragraph-level,heading-4=10,10,6020,heading-4,heading,#### Editing Workshop — Paragraph-Level (G2)
title:editing workshop - paragraph-level,heading-4=10,10,6421,heading-4,heading,#### Editing Workshop — Paragraph-Level (G2)
title:error identification & correction - find and fix errors,heading-4=2,2,4178,heading-4,heading,#### Error Identification & Correction — Find And Fix Errors (C4)
title:error identification & correction - find and fix errors,heading-4=2,2,5229,heading-4,heading,#### Error Identification & Correction — Find And Fix Errors (C4)
title:error identification and correction - guided skill practice,heading-4=1,1,7408,heading-4,heading,#### 1. Error Identification And Correction — Guided Skill Practice (C4)
title:error identification and correction - self-diagnosis,heading-4=1,1,7711,heading-4,heading,#### Error Identification And Correction — Self-Diagnosis (C4)
title:expansion task - develop supporting detail,heading-4=2,2,2771,heading-4,heading,#### Expansion Task — Develop Supporting Detail (C7)
title:expansion task - develop supporting detail,heading-4=2,2,4865,heading-4,heading,#### Expansion Task — Develop Supporting Detail (C7)
title:explaining impact and proposing mitigation,heading-4=1,1,4146,heading-4,heading,#### 2. Explaining Impact and Proposing Mitigation
title:explaining impact without assigning blame,heading-4=1,1,1839,heading-4,heading,#### 2. Explaining Impact Without Assigning Blame
title:explaining purpose and impact,heading-4=1,1,6220,heading-4,heading,#### 2. Explaining Purpose and Impact
title:explanation,bold-only=1,1,1128,bold-only,bold-title,**Explanation**
title:extension task - advanced transfer practice,heading-4=23,23,369,heading-4,heading,#### Extension Task — Advanced Transfer Practice (H1)
title:extension task - advanced transfer practice,heading-4=23,23,688,heading-4,heading,#### Extension Task — Advanced Transfer Practice (H1)
title:extension task - advanced transfer practice,heading-4=23,23,1010,heading-4,heading,#### Extension Task — Advanced Transfer Practice (H1)
title:extension task - advanced transfer practice,heading-4=23,23,1356,heading-4,heading,#### Extension Task — Advanced Transfer Practice (H1)
title:extension task - advanced transfer practice,heading-4=23,23,1686,heading-4,heading,#### Extension Task — Advanced Transfer Practice (H1)
title:extension task - advanced transfer practice,heading-4=23,23,2047,heading-4,heading,#### Extension Task — Advanced Transfer Practice (H1)
title:extension task - advanced transfer practice,heading-4=23,23,2332,heading-4,heading,#### Extension Task — Advanced Transfer Practice (H1)
title:extension task - advanced transfer practice,heading-4=23,23,2645,heading-4,heading,#### Extension Task — Advanced Transfer Practice (H1)
title:f. review & self-assessment,heading-3=23,23,313,heading-3,heading,### F. Review & Self-Assessment
title:f. review & self-assessment,heading-3=23,23,626,heading-3,heading,### F. Review & Self-Assessment
title:f. review & self-assessment,heading-3=23,23,947,heading-3,heading,### F. Review & Self-Assessment
title:f. review & self-assessment,heading-3=23,23,1282,heading-3,heading,### F. Review & Self-Assessment
title:f. review & self-assessment,heading-3=23,23,1609,heading-3,heading,### F. Review & Self-Assessment
title:f. review & self-assessment,heading-3=23,23,1955,heading-3,heading,### F. Review & Self-Assessment
title:f. review & self-assessment,heading-3=23,23,2261,heading-3,heading,### F. Review & Self-Assessment
title:f. review & self-assessment,heading-3=23,23,2568,heading-3,heading,### F. Review & Self-Assessment
title:format conversion - change document format,heading-4=4,4,3439,heading-4,heading,#### Format Conversion — Change Document Format (D7)
title:format conversion - change document format,heading-4=4,4,5602,heading-4,heading,#### Format Conversion — Change Document Format (D7)
title:format conversion - change document format,heading-4=4,4,6316,heading-4,heading,#### Format Conversion — Change Document Format (D7)
title:format conversion - change document format,heading-4=4,4,7149,heading-4,heading,#### Format Conversion — Change Document Format (D7)
title:formulating clear questions,bold-only=1,1,1457,bold-only,bold-title,**Formulating clear questions**
title:g. editing,heading-3=23,23,327,heading-3,heading,### G. Editing
title:g. editing,heading-3=23,23,647,heading-3,heading,### G. Editing
title:g. editing,heading-3=23,23,968,heading-3,heading,### G. Editing
title:g. editing,heading-3=23,23,1307,heading-3,heading,### G. Editing
title:g. editing,heading-3=23,23,1634,heading-3,heading,### G. Editing
title:g. editing,heading-3=23,23,1980,heading-3,heading,### G. Editing
title:g. editing,heading-3=23,23,2286,heading-3,heading,### G. Editing
title:g. editing,heading-3=23,23,2592,heading-3,heading,### G. Editing
title:guided peer review - structured feedback exchange,heading-4=12,12,628,heading-4,heading,#### Guided Peer Review — Structured Feedback Exchange (F1)
title:guided peer review - structured feedback exchange,heading-4=12,12,949,heading-4,heading,#### Guided Peer Review — Structured Feedback Exchange (F1)
title:guided peer review - structured feedback exchange,heading-4=12,12,2570,heading-4,heading,#### Guided Peer Review — Structured Feedback Exchange (F1)
title:guided peer review - structured feedback exchange,heading-4=12,12,2887,heading-4,heading,#### Guided Peer Review — Structured Feedback Exchange (F1)
title:guided peer review - structured feedback exchange,heading-4=12,12,3194,heading-4,heading,#### Guided Peer Review — Structured Feedback Exchange (F1)
title:guided peer review - structured feedback exchange,heading-4=12,12,3514,heading-4,heading,#### Guided Peer Review — Structured Feedback Exchange (F1)
title:guided peer review - structured feedback exchange,heading-4=12,12,4275,heading-4,heading,#### Guided Peer Review — Structured Feedback Exchange (F1)
title:guided peer review - structured feedback exchange,heading-4=12,12,4639,heading-4,heading,#### Guided Peer Review — Structured Feedback Exchange (F1)
title:h. homework & extension,heading-3=23,23,348,heading-3,heading,### H. Homework & Extension
title:h. homework & extension,heading-3=23,23,669,heading-3,heading,### H. Homework & Extension
title:h. homework & extension,heading-3=23,23,989,heading-3,heading,### H. Homework & Extension
title:h. homework & extension,heading-3=23,23,1328,heading-3,heading,### H. Homework & Extension
title:h. homework & extension,heading-3=23,23,1659,heading-3,heading,### H. Homework & Extension
title:h. homework & extension,heading-3=23,23,2004,heading-3,heading,### H. Homework & Extension
title:h. homework & extension,heading-3=23,23,2305,heading-3,heading,### H. Homework & Extension
title:h. homework & extension,heading-3=23,23,2621,heading-3,heading,### H. Homework & Extension
title:homework writing task - independent administrative writing,heading-4=23,23,350,heading-4,heading,#### Homework Writing Task — Independent Administrative Writing (H3)
title:homework writing task - independent administrative writing,heading-4=23,23,671,heading-4,heading,#### Homework Writing Task — Independent Administrative Writing (H3)
title:homework writing task - independent administrative writing,heading-4=23,23,991,heading-4,heading,#### Homework Writing Task — Independent Administrative Writing (H3)
title:homework writing task - independent administrative writing,heading-4=23,23,1330,heading-4,heading,#### Homework Writing Task — Independent Administrative Writing (H3)
title:homework writing task - independent administrative writing,heading-4=23,23,1661,heading-4,heading,#### Homework Writing Task — Independent Administrative Writing (H3)
title:homework writing task - independent administrative writing,heading-4=23,23,2021,heading-4,heading,#### Homework Writing Task — Independent Administrative Writing (H3)
title:homework writing task - independent administrative writing,heading-4=23,23,2307,heading-4,heading,#### Homework Writing Task — Independent Administrative Writing (H3)
title:homework writing task - independent administrative writing,heading-4=23,23,2623,heading-4,heading,#### Homework Writing Task — Independent Administrative Writing (H3)
title:how to use this rubric,heading-4=1,1,7931,heading-4,heading,#### How To Use This Rubric
title:identify improvements in:,bold-only=3,3,5161,bold-only,bold-title,**Identify Improvements In:**
title:identify improvements in:,bold-only=3,3,5489,bold-only,bold-title,**Identify Improvements In:**
title:identify improvements in:,bold-only=3,3,5797,bold-only,bold-title,**Identify Improvements In:**
title:identifying confusing sentences - guided skill practice,heading-4=1,1,30,heading-4,heading,#### Identifying Confusing Sentences — Guided Skill Practice (A2)
title:information reorganisation - restructure source information,heading-4=2,2,2514,heading-4,heading,#### Information Reorganisation — Restructure Source Information (D5)
title:information reorganisation - restructure source information,heading-4=2,2,7127,heading-4,heading,#### Information Reorganisation — Restructure Source Information (D5)
title:input n - email from office a,bold-only=1,1,7335,bold-only,bold-title,**Input 1 — Email from Office A**
title:input n - email from office b,bold-only=1,1,7338,bold-only,bold-title,**Input 2 — Email from Office B**
title:input n - internal meeting notes,bold-only=1,1,7341,bold-only,bold-title,**Input 3 — Internal Meeting Notes**
title:input n - updated instructions (issued last week),bold-only=1,1,7344,bold-only,bold-title,**Input 4 — Updated Instructions (Issued Last Week)**
title:introducing clarification,bold-only=1,1,1447,bold-only,bold-title,**Introducing clarification**
title:issues identified,bold-only=1,1,6901,bold-only,bold-title,**Issues Identified**
title:key points discussed:,bold-only=1,1,3327,bold-only,bold-title,**Key Points Discussed:**
title:key points:,bold-only=1,1,5476,bold-only,bold-title,**Key Points:**
title:learn - annotations:,bold-only=2,2,2739,bold-only,bold-title,**Learn — Annotations:**
title:learn - annotations:,bold-only=2,2,5181,bold-only,bold-title,**Learn — Annotations:**
title:learn - common forms:,bold-only=1,1,467,bold-only,bold-title,**Learn — Common Forms:**
title:learn - common patterns:,bold-only=1,1,117,bold-only,bold-title,**Learn — Common Patterns:**
title:learn - discuss:,bold-only=1,1,5772,bold-only,bold-title,**Learn — Discuss:**
title:learn - example:,bold-only=15,15,205,bold-only,bold-title,**Learn — Example:**
title:learn - example:,bold-only=15,15,3722,bold-only,bold-title,**Learn — Example:**
title:learn - example:,bold-only=15,15,3775,bold-only,bold-title,**Learn — Example:**
title:learn - example:,bold-only=15,15,4121,bold-only,bold-title,**Learn — Example:**
title:learn - example:,bold-only=15,15,4155,bold-only,bold-title,**Learn — Example:**
title:learn - example:,bold-only=15,15,6203,bold-only,bold-title,**Learn — Example:**
title:learn - example:,bold-only=15,15,6229,bold-only,bold-title,**Learn — Example:**
title:learn - example:,bold-only=15,15,6273,bold-only,bold-title,**Learn — Example:**
title:learn - examples:,bold-only=6,6,504,bold-only,bold-title,**Learn — Examples:**
title:learn - examples:,bold-only=6,6,829,bold-only,bold-title,**Learn — Examples:**
title:learn - examples:,bold-only=6,6,4492,bold-only,bold-title,**Learn — Examples:**
title:learn - examples:,bold-only=6,6,4521,bold-only,bold-title,**Learn — Examples:**
title:learn - examples:,bold-only=6,6,4830,bold-only,bold-title,**Learn — Examples:**
title:learn - examples:,bold-only=6,6,4858,bold-only,bold-title,**Learn — Examples:**
title:learn - expressions:,bold-only=1,1,3740,bold-only,bold-title,**Learn — Expressions:**
title:learn - functions:,bold-only=2,2,3065,bold-only,bold-title,**Learn — Functions:**
title:learn - functions:,bold-only=2,2,3754,bold-only,bold-title,**Learn — Functions:**
title:learn - headings:,bold-only=1,1,3811,bold-only,bold-title,**Learn — Headings:**
title:learn - key structures:,bold-only=1,1,4305,bold-only,bold-title,**Learn — Key Structures:**
title:learn - original:,bold-only=1,1,5009,bold-only,bold-title,**Learn — Original:**
title:learn - pattern:,bold-only=1,1,851,bold-only,bold-title,**Learn — Pattern:**
title:learn - phrases:,bold-only=2,2,3793,bold-only,bold-title,**Learn — Phrases:**
title:learn - phrases:,bold-only=2,2,5881,bold-only,bold-title,**Learn — Phrases:**
title:learn - proposed changes:,bold-only=1,1,5018,bold-only,bold-title,**Learn — Proposed Changes:**
title:learn - recommendations:,bold-only=1,1,4917,bold-only,bold-title,**Learn — Recommendations:**
title:learn - recommended structure:,bold-only=1,1,6658,bold-only,bold-title,**Learn — Recommended Structure:**
title:learn - revision checklist:,bold-only=1,1,5292,bold-only,bold-title,**Learn — Revision Checklist:**
title:learn - scenario:,bold-only=1,1,4036,bold-only,bold-title,**Learn — Scenario:**
title:learn - sentences:,bold-only=1,1,3075,bold-only,bold-title,**Learn — Sentences:**
title:learn - statements:,bold-only=1,1,5109,bold-only,bold-title,**Learn — Statements:**
title:learn - template:,bold-only=2,2,1209,bold-only,bold-title,**Learn — Template:**
title:learn - template:,bold-only=2,2,4926,bold-only,bold-title,**Learn — Template:**
title:learn - useful expressions - key points:,bold-only=1,1,5548,bold-only,bold-title,**Learn — Useful Expressions — Key Points:**
title:learn - useful expressions - overviews:,bold-only=1,1,5538,bold-only,bold-title,**Learn — Useful Expressions — Overviews:**
title:learn - useful expressions:,bold-only=1,1,5213,bold-only,bold-title,**Learn — Useful Expressions:**
title:learn - useful patterns - contrast and agreement:,bold-only=1,1,5850,bold-only,bold-title,**Learn — Useful Patterns — Contrast And Agreement:**
title:learn - useful patterns - grouping by theme:,bold-only=1,1,5840,bold-only,bold-title,**Learn — Useful Patterns — Grouping By Theme:**
title:learn - useful patterns - insight:,bold-only=1,1,5860,bold-only,bold-title,**Learn — Useful Patterns — Insight:**
title:learn - version a:,bold-only=1,1,4397,bold-only,bold-title,**Learn — Version A:**
title:learn - version b:,bold-only=1,1,4404,bold-only,bold-title,**Learn — Version B:**
title:learn - worked mini-inquiry:,bold-only=1,1,3823,bold-only,bold-title,**Learn — Worked Mini-Inquiry:**
title:meeting notes - n february,bold-only=1,1,5612,bold-only,bold-title,**Meeting notes — 18 February**
title:meeting summary - guideline revision discussion (n october),bold-only=1,1,3321,bold-only,bold-title,**Meeting Summary — Guideline Revision Discussion (12 October)**
title:mini-worked example:,bold-only=1,1,6939,bold-only,bold-title,**Mini-Worked Example:**
title:model rewriting - model revision practice,heading-4=12,12,1176,heading-4,heading,#### Model Rewriting — Model Revision Practice (D1)
title:model rewriting - model revision practice,heading-4=12,12,1518,heading-4,heading,#### Model Rewriting — Model Revision Practice (D1)
title:model rewriting - model revision practice,heading-4=12,12,1878,heading-4,heading,#### Model Rewriting — Model Revision Practice (D1)
title:model rewriting - model revision practice,heading-4=12,12,2185,heading-4,heading,#### Model Rewriting — Model Revision Practice (D1)
title:model rewriting - model revision practice,heading-4=12,12,2496,heading-4,heading,#### Model Rewriting — Model Revision Practice (D1)
title:model rewriting - model revision practice,heading-4=12,12,2794,heading-4,heading,#### Model Rewriting — Model Revision Practice (D1)
title:model rewriting - model revision practice,heading-4=12,12,3111,heading-4,heading,#### Model Rewriting — Model Revision Practice (D1)
title:model rewriting - model revision practice,heading-4=12,12,3420,heading-4,heading,#### Model Rewriting — Model Revision Practice (D1)
title:module introduction,heading-3=6,6,5,heading-3,heading,### Module Introduction
title:module introduction,heading-3=6,6,1022,heading-3,heading,### Module Introduction
title:module introduction,heading-3=6,6,2344,heading-3,heading,### Module Introduction
title:module introduction,heading-3=6,6,3605,heading-3,heading,### Module Introduction
title:module introduction,heading-3=6,6,5073,heading-3,heading,### Module Introduction
title:module introduction,heading-3=6,6,6087,heading-3,heading,### Module Introduction
title:module n - advanced editing & revision skills (units n-n),heading-2=1,1,5069,heading-2,heading,## Module 5 — Advanced Editing & Revision Skills (Units 16–18)
title:module n - advanced foundations for administrative writing (units n-n),heading-2=1,1,1,heading-2,heading,## Module 1 — Advanced Foundations for Administrative Writing (Units 1–3)
title:module n - capstone & applied administrative writing (units n-n),heading-2=1,1,6083,heading-2,heading,## Module 6 — Capstone & Applied Administrative Writing (Units 19–23)
title:module n - cross-border & interagency communication (units n-n),heading-2=1,1,3601,heading-2,heading,## Module 4 — Cross-Border & Interagency Communication (Units 12–15)
title:module n - professional email writing for interagency contexts (units n-n),heading-2=1,1,1018,heading-2,heading,## Module 2 — Professional Email Writing for Interagency Contexts (Units 4–7)
title:module n - writing complex procedures & internal explanations (units n-n),heading-2=1,1,2340,heading-2,heading,## Module 3 — Writing Complex Procedures & Internal Explanations (Units 8–11)
title:multi-part portfolio task - integrated portfolio practice,heading-4=4,4,4601,heading-4,heading,#### Multi-Part Portfolio Task — Integrated Portfolio Practice (E4)
title:multi-part portfolio task - integrated portfolio practice,heading-4=4,4,7176,heading-4,heading,#### Multi-Part Portfolio Task — Integrated Portfolio Practice (E4)
title:multi-part portfolio task - integrated portfolio practice,heading-4=4,4,7501,heading-4,heading,#### Multi-Part Portfolio Task — Integrated Portfolio Practice (E4)
title:multi-part portfolio task - integrated portfolio practice,heading-4=4,4,7776,heading-4,heading,#### Multi-Part Portfolio Task — Integrated Portfolio Practice (E4)
title:neutral clarification language - guided skill practice,heading-4=1,1,496,heading-4,heading,#### 2. Neutral Clarification Language — Guided Skill Practice (C3)
title:next steps,bold-only=2,2,1136,bold-only,bold-title,**Next Steps**
title:next steps,bold-only=2,2,6915,bold-only,bold-title,**Next Steps**
title:note on the earlier ten-item version,heading-4=1,1,7958,heading-4,heading,#### Note On The Earlier Ten-Item Version
title:noticing task - identify the writing pattern,heading-4=7,7,82,heading-4,heading,#### Noticing Task — Identify The Writing Pattern (B2)
title:noticing task - identify the writing pattern,heading-4=7,7,444,heading-4,heading,#### Noticing Task — Identify The Writing Pattern (B2)
title:noticing task - identify the writing pattern,heading-4=7,7,775,heading-4,heading,#### Noticing Task — Identify The Writing Pattern (B2)
title:noticing task - identify the writing pattern,heading-4=7,7,1427,heading-4,heading,#### Noticing Task — Identify The Writing Pattern (B2)
title:noticing task - identify the writing pattern,heading-4=7,7,2115,heading-4,heading,#### Noticing Task — Identify The Writing Pattern (B2)
title:noticing task - identify the writing pattern,heading-4=7,7,2433,heading-4,heading,#### Noticing Task — Identify The Writing Pattern (B2)
title:noticing task - identify the writing pattern,heading-4=7,7,3037,heading-4,heading,#### Noticing Task — Identify The Writing Pattern (B2)
title:office circular - document verification procedure (revised),bold-only=1,1,2378,bold-only,bold-title,**Office Circular — Document Verification Procedure (Revised)**
title:opening / context,bold-only=1,1,1120,bold-only,bold-title,**Opening / Context**
title:original text,bold-only=1,1,54,bold-only,bold-title,**Original Text**
title:original text - assumes too much knowledge,bold-only=1,1,4422,bold-only,bold-title,**Original Text — Assumes Too Much Knowledge**
title:original text - disjointed,bold-only=1,1,747,bold-only,bold-title,**Original Text — Disjointed**
title:original text - incomplete and unclear,bold-only=1,1,2708,bold-only,bold-title,**Original Text — Incomplete And Unclear**
title:original text - incomplete and unstructured,bold-only=1,1,3314,bold-only,bold-title,**Original Text — Incomplete And Unstructured**
title:original text - insufficient and vague,bold-only=1,1,6519,bold-only,bold-title,**Original Text — Insufficient And Vague**
title:original text - listing without synthesis,bold-only=1,1,5787,bold-only,bold-title,**Original Text — Listing Without Synthesis**
title:original text - overly general,bold-only=1,1,5466,bold-only,bold-title,**Original Text — Overly General**
title:original text - sequential listing without synthesis,bold-only=1,1,7387,bold-only,bold-title,**Original Text — Sequential Listing Without Synthesis**
title:original text - too direct,bold-only=2,2,416,bold-only,bold-title,**Original Text — Too Direct**
title:original text - too direct,bold-only=2,2,1736,bold-only,bold-title,**Original Text — Too Direct**
title:original text - too informal and disorganised,bold-only=1,1,1067,bold-only,bold-title,**Original Text — Too Informal And Disorganised**
title:original text - too technical,bold-only=1,1,6162,bold-only,bold-title,**Original Text — Too Technical**
title:original text - unbalanced and vague,bold-only=1,1,5136,bold-only,bold-title,**Original Text — Unbalanced And Vague**
title:original text - unclear and disordered,bold-only=1,1,2401,bold-only,bold-title,**Original Text — Unclear And Disordered**
title:original text - unclear and imprecise,bold-only=1,1,3665,bold-only,bold-title,**Original Text — Unclear And Imprecise**
title:original text - unclear and vague,bold-only=1,1,4051,bold-only,bold-title,**Original Text — Unclear And Vague**
title:original text - unstructured,bold-only=1,1,2091,bold-only,bold-title,**Original Text — Unstructured**
title:original text - vague,bold-only=1,1,1402,bold-only,bold-title,**Original Text — Vague**
title:original text - vague and overgeneralised,bold-only=1,1,3012,bold-only,bold-title,**Original Text — Vague And Overgeneralised**
title:original text - vague and unstructured,bold-only=1,1,6891,bold-only,bold-title,**Original Text — Vague And Unstructured**
title:original text - weak and unsupported,bold-only=1,1,4760,bold-only,bold-title,**Original Text — Weak And Unsupported**
title:original text - weak response,bold-only=1,1,7678,bold-only,bold-title,**Original Text — Weak Response**
title:outstanding questions,bold-only=1,1,6911,bold-only,bold-title,**Outstanding Questions**
title:overall judgment,heading-4=1,1,7982,heading-4,heading,#### Overall Judgment
title:paragraph-level transformation - guided skill practice,heading-4=1,1,7422,heading-4,heading,#### 2. Paragraph-Level Transformation — Guided Skill Practice (C5)
title:paragraph-level transformation - guided skill practice (code) ★,heading-4=1,1,2157,heading-4,heading,#### 2. Paragraph-Level Transformation — Guided Skill Practice (C5) ★
title:paragraph-level transformation - paragraph revision practice,heading-4=3,3,3398,heading-4,heading,#### Paragraph-Level Transformation — Paragraph Revision Practice (C5)
title:paragraph-level transformation - paragraph revision practice,heading-4=3,3,4528,heading-4,heading,#### Paragraph-Level Transformation — Paragraph Revision Practice (C5)
title:paragraph-level transformation - paragraph revision practice,heading-4=3,3,5563,heading-4,heading,#### Paragraph-Level Transformation — Paragraph Revision Practice (C5)
title:pattern n: main idea → reason,heading-5=1,1,177,heading-5,heading,##### Pattern 1: Main Idea → Reason
title:pattern n: purpose clause → main action,heading-5=1,1,183,heading-5,heading,##### Pattern 2: Purpose Clause → Main Action
title:pattern n: segmenting dense content,heading-5=1,1,195,heading-5,heading,##### Pattern 3: Segmenting Dense Content
title:peer review - structured feedback exchange,heading-4=4,4,1284,heading-4,heading,#### Peer Review — Structured Feedback Exchange (F1)
title:peer review - structured feedback exchange,heading-4=4,4,1611,heading-4,heading,#### Peer Review — Structured Feedback Exchange (F1)
title:peer review - structured feedback exchange,heading-4=4,4,1957,heading-4,heading,#### Peer Review — Structured Feedback Exchange (F1)
title:peer review - structured feedback exchange,heading-4=4,4,2263,heading-4,heading,#### Peer Review — Structured Feedback Exchange (F1)
title:phrase bank building - build reusable language,heading-4=2,2,3787,heading-4,heading,#### Phrase Bank Building — Build Reusable Language (C8)
title:phrase bank building - build reusable language,heading-4=2,2,5875,heading-4,heading,#### Phrase Bank Building — Build Reusable Language (C8)
title:practice a - add coordinators,bold-only=1,1,132,bold-only,bold-title,**Practice A — Add Coordinators (C2)**
title:practice a - identify the function,heading-4=1,1,1150,heading-4,heading,#### Practice A — Identify The Function (C2)
title:practice a - match the function,bold-only=1,1,478,bold-only,bold-title,**Practice A — Match the Function**
title:practice a - rewrite the decision statement,bold-only=1,1,6570,bold-only,bold-title,**Practice A — Rewrite the Decision Statement**
title:practice a - sentence rewriting practice,heading-4=3,3,1464,heading-4,heading,#### Practice A — Sentence Rewriting Practice (C3)
title:practice a - sentence rewriting practice,heading-4=3,3,1827,heading-4,heading,#### Practice A — Sentence Rewriting Practice (C3)
title:practice a - sentence rewriting practice,heading-4=3,3,2146,heading-4,heading,#### Practice A — Sentence Rewriting Practice (C3)
title:practice a - sequence for logical flow,bold-only=1,1,810,bold-only,bold-title,**Practice A — Sequence for Logical Flow**
title:practice a - simplify the statement,bold-only=1,1,6209,bold-only,bold-title,**Practice A — Simplify the Statement**
title:practice a - write the opening sentence,bold-only=1,1,6996,bold-only,bold-title,**Practice A — Write the Opening Sentence**
title:practice b - add a purpose statement,bold-only=1,1,6251,bold-only,bold-title,**Practice B — Add a Purpose Statement**
title:practice b - error identification & correction (code) ★,heading-4=1,1,1853,heading-4,heading,#### Practice B — Error Identification & Correction (C4) ★
title:practice b - identify the subordination function,bold-only=1,1,158,bold-only,bold-title,**Practice B — Identify the Subordination Function (C2)**
title:practice b - phrase bank building (code) ★,heading-4=1,1,1490,heading-4,heading,#### Practice B — Phrase Bank Building (C8) ★
title:practice b - replace repetition,bold-only=1,1,834,bold-only,bold-title,**Practice B — Replace Repetition**
title:practice b - rewrite direct questions,bold-only=1,1,512,bold-only,bold-title,**Practice B — Rewrite Direct Questions**
title:practice b - rewrite for clarity and neutrality,bold-only=1,1,7030,bold-only,bold-title,**Practice B — Rewrite for Clarity and Neutrality**
title:practice b - sentence rewriting,heading-4=1,1,1163,heading-4,heading,#### Practice B — Sentence Rewriting (C3)
title:practice b - strengthen the rationale,bold-only=1,1,6604,bold-only,bold-title,**Practice B — Strengthen the Rationale**
title:practice c - add a benefit statement,bold-only=1,1,6638,bold-only,bold-title,**Practice C — Add a Benefit Statement**
title:practice c - add logical connectors,bold-only=1,1,868,bold-only,bold-title,**Practice C — Add Logical Connectors**
title:practice c - apply the patterns,bold-only=1,1,212,bold-only,bold-title,**Practice C — Apply the Patterns (C3)**
title:practice c - choose the appropriate version,bold-only=1,1,539,bold-only,bold-title,**Practice C — Choose the Appropriate Version**
title:practice c - clarify the action,bold-only=1,1,7061,bold-only,bold-title,**Practice C — Clarify the Action**
title:practice c - rewrite to include the required action,bold-only=1,1,6285,bold-only,bold-title,**Practice C — Rewrite to Include the Required Action**
title:practice d - add a next-step statement,bold-only=1,1,7095,bold-only,bold-title,**Practice D — Add a Next-Step Statement**
title:practice d - organise the justification,bold-only=1,1,6666,bold-only,bold-title,**Practice D — Organise the Justification**
title:prediction task - anticipate reader needs,heading-4=4,4,2672,heading-4,heading,#### Prediction Task — Anticipate Reader Needs (A4)
title:prediction task - anticipate reader needs,heading-4=4,4,4030,heading-4,heading,#### Prediction Task — Anticipate Reader Needs (A4)
title:prediction task - anticipate reader needs,heading-4=4,4,5448,heading-4,heading,#### Prediction Task — Anticipate Reader Needs (A4)
title:prediction task - anticipate reader needs,heading-4=4,4,7331,heading-4,heading,#### Prediction Task — Anticipate Reader Needs (A4)
title:problem identification - identify communication issues,heading-4=6,6,1047,heading-4,heading,#### Problem Identification — Identify Communication Issues (A2)
title:problem identification - identify communication issues,heading-4=6,6,1382,heading-4,heading,#### Problem Identification — Identify Communication Issues (A2)
title:problem identification - identify communication issues,heading-4=6,6,2073,heading-4,heading,#### Problem Identification — Identify Communication Issues (A2)
title:problem identification - identify communication issues,heading-4=6,6,2991,heading-4,heading,#### Problem Identification — Identify Communication Issues (A2)
title:problem identification - identify communication issues,heading-4=6,6,3294,heading-4,heading,#### Problem Identification — Identify Communication Issues (A2)
title:problem identification - identify communication issues,heading-4=6,6,6499,heading-4,heading,#### Problem Identification — Identify Communication Issues (A2)
title:procedure for reviewing applicant submissions,bold-only=1,1,2408,bold-only,bold-title,**Procedure for Reviewing Applicant Submissions**
title:providing background context,heading-4=1,1,3711,heading-4,heading,#### 1. Providing Background Context
title:purpose,bold-only=1,1,1124,bold-only,bold-title,**Purpose**
title:reading-to-write input - source-based preparation,heading-4=4,4,4787,heading-4,heading,#### Reading-To-Write Input — Source-Based Preparation (B6)
title:reading-to-write input - source-based preparation,heading-4=4,4,5811,heading-4,heading,#### Reading-To-Write Input — Source-Based Preparation (B6)
title:reading-to-write input - source-based preparation,heading-4=4,4,6131,heading-4,heading,#### Reading-To-Write Input — Source-Based Preparation (B6)
title:reading-to-write input - source-based preparation,heading-4=4,4,7353,heading-4,heading,#### Reading-To-Write Input — Source-Based Preparation (B6)
title:real document analysis - workplace document analysis,heading-4=5,5,2370,heading-4,heading,#### Real Document Analysis — Workplace Document Analysis (A5)
title:real document analysis - workplace document analysis,heading-4=5,5,3631,heading-4,heading,#### Real Document Analysis — Workplace Document Analysis (A5)
title:real document analysis - workplace document analysis,heading-4=5,5,4734,heading-4,heading,#### Real Document Analysis — Workplace Document Analysis (A5)
title:real document analysis - workplace document analysis,heading-4=5,5,5757,heading-4,heading,#### Real Document Analysis — Workplace Document Analysis (A5)
title:real document analysis - workplace document analysis,heading-4=5,5,6867,heading-4,heading,#### Real Document Analysis — Workplace Document Analysis (A5)
title:real-world task - workplace transfer practice,heading-4=2,2,3966,heading-4,heading,#### Real-World Task — Workplace Transfer Practice (H2)
title:real-world task - workplace transfer practice,heading-4=2,2,6041,heading-4,heading,#### Real-World Task — Workplace Transfer Practice (H2)
title:real-world task - workplace transfer practice (code) ★,heading-4=1,1,2006,heading-4,heading,#### Real-World Task — Workplace Transfer Practice (H2) ★
title:rebuild the disjointed model - cohesion rebuild practice,heading-4=1,1,881,heading-4,heading,#### Rebuild The Disjointed Model — Cohesion Rebuild Practice (D1)
title:reference and continuity - guided skill practice,heading-4=1,1,821,heading-4,heading,#### 2. Reference And Continuity — Guided Skill Practice (C3)
title:referencing documents,bold-only=1,1,1452,bold-only,bold-title,**Referencing documents**
title:referencing policy or guidelines,heading-4=1,1,4819,heading-4,heading,#### 1. Referencing Policy or Guidelines
title:reorganise and rewrite - paragraph organization practice,heading-4=1,1,898,heading-4,heading,#### Reorganise And Rewrite — Paragraph Organization Practice (D5)
title:requests,bold-only=1,1,1132,bold-only,bold-title,**Requests**
title:revised text,bold-only=1,1,60,bold-only,bold-title,**Revised Text**
"title:revised text - balanced, structured evaluation",bold-only=1,1,5142,bold-only,bold-title,"**Revised Text — Balanced, Structured Evaluation**"
title:revised text - clear change notification,bold-only=1,1,2714,bold-only,bold-title,**Revised Text — Clear Change Notification**
title:revised text - clear multi-audience message,bold-only=1,1,4428,bold-only,bold-title,**Revised Text — Clear Multi-Audience Message**
"title:revised text - clear, multi-factor explanation",bold-only=1,1,3018,bold-only,bold-title,"**Revised Text — Clear, Multi-Factor Explanation**"
title:revised text - cohesive,bold-only=1,1,753,bold-only,bold-title,**Revised Text — Cohesive**
title:revised text - concise executive brief,bold-only=1,1,5472,bold-only,bold-title,**Revised Text — Concise Executive Brief**
"title:revised text - concise, policy-aligned justification",bold-only=1,1,6525,bold-only,bold-title,"**Revised Text — Concise, Policy-Aligned Justification**"
title:revised text - consolidated administrative report,bold-only=1,1,6897,bold-only,bold-title,**Revised Text — Consolidated Administrative Report**
title:revised text - diplomatic,bold-only=2,2,422,bold-only,bold-title,**Revised Text — Diplomatic**
title:revised text - diplomatic,bold-only=2,2,1742,bold-only,bold-title,**Revised Text — Diplomatic**
"title:revised text - diplomatic, structured external inquiry",bold-only=1,1,3671,bold-only,bold-title,"**Revised Text — Diplomatic, Structured External Inquiry**"
title:revised text - executive-level summary,bold-only=1,1,3320,bold-only,bold-title,**Revised Text — Executive-Level Summary**
title:revised text - integrated administrative notice,bold-only=1,1,7368,bold-only,bold-title,**Revised Text — Integrated Administrative Notice**
title:revised text - layered and prioritised,bold-only=1,1,2097,bold-only,bold-title,**Revised Text — Layered And Prioritised**
title:revised text - plain-language policy summary,bold-only=1,1,6168,bold-only,bold-title,**Revised Text — Plain-Language Policy Summary**
title:revised text - policy-aligned rationale,bold-only=1,1,4766,bold-only,bold-title,**Revised Text — Policy-Aligned Rationale**
title:revised text - precise and structured,bold-only=1,1,1408,bold-only,bold-title,**Revised Text — Precise And Structured**
title:revised text - strong response,bold-only=1,1,7684,bold-only,bold-title,**Revised Text — Strong Response**
title:revised text - structured and diplomatic,bold-only=1,1,1073,bold-only,bold-title,**Revised Text — Structured And Diplomatic**
title:revised text - structured procedure,bold-only=1,1,2407,bold-only,bold-title,**Revised Text — Structured Procedure**
title:revised text - structured risk & impact assessment,bold-only=1,1,4057,bold-only,bold-title,**Revised Text — Structured Risk & Impact Assessment**
title:revised text - synthesised across sources,bold-only=1,1,5793,bold-only,bold-title,**Revised Text — Synthesised Across Sources**
title:revision chain - prior work,heading-4=1,1,7741,heading-4,heading,#### Revision Chain — Prior Work (D6)
title:revision chain - step-by-step revision,heading-4=2,2,5274,heading-4,heading,#### Revision Chain — Step-By-Step Revision (D6)
title:revision chain - step-by-step revision,heading-4=2,2,7467,heading-4,heading,#### Revision Chain — Step-By-Step Revision (D6)
"title:rewrite the following as thematic, synthesised sentences.",bold-only=1,1,5868,bold-only,bold-title,"**Rewrite the following as thematic, synthesised sentences.**"
title:rewrite the following sentences for an executive audience.,bold-only=1,1,5556,bold-only,bold-title,**Rewrite the following sentences for an executive audience.**
"title:rewrite the following sentences using neutral, professional language.",bold-only=1,1,5222,bold-only,bold-title,"**Rewrite the following sentences using neutral, professional language.**"
title:rewrite the model text - model revision practice,heading-4=3,3,228,heading-4,heading,#### Rewrite The Model Text — Model Revision Practice (D1)
title:rewrite the model text - model revision practice,heading-4=3,3,556,heading-4,heading,#### Rewrite The Model Text — Model Revision Practice (D1)
title:rewrite the model text - model revision practice,heading-4=3,3,6298,heading-4,heading,#### Rewrite The Model Text — Model Revision Practice (D1)
title:rewrite the original inquiry - inquiry revision practice,heading-4=1,1,3835,heading-4,heading,#### Rewrite The Original Inquiry — Inquiry Revision Practice (D1)
title:rewrite the original justification - justification revision practice,heading-4=1,1,6689,heading-4,heading,#### Rewrite The Original Justification — Justification Revision Practice (D1)
title:rewrite the original message - message revision practice,heading-4=1,1,4550,heading-4,heading,#### Rewrite The Original Message — Message Revision Practice (D1)
title:rewrite the original rationale - rationale revision practice,heading-4=1,1,4888,heading-4,heading,#### Rewrite The Original Rationale — Rationale Revision Practice (D1)
title:rewrite the original report - report revision practice,heading-4=1,1,7108,heading-4,heading,#### Rewrite The Original Report — Report Revision Practice (D1)
title:rewrite the original text - model revision practice,heading-4=1,1,4193,heading-4,heading,#### Rewrite The Original Text — Model Revision Practice (D1)
title:role-based writing task - audience-specific response,heading-4=2,2,3880,heading-4,heading,#### Role-Based Writing Task — Audience-Specific Response (E3)
title:role-based writing task - audience-specific response,heading-4=2,2,6351,heading-4,heading,#### Role-Based Writing Task — Audience-Specific Response (E3)
title:role-based writing task - audience-specific response (code) ★,heading-4=1,1,1580,heading-4,heading,#### Role-Based Writing Task — Audience-Specific Response (E3) ★
title:scenario writing - guided skill practice,heading-4=4,4,1232,heading-4,heading,#### Scenario Writing — Guided Skill Practice (D2)
title:scenario writing - guided skill practice,heading-4=4,4,1899,heading-4,heading,#### Scenario Writing — Guided Skill Practice (D2)
title:scenario writing - guided skill practice,heading-4=4,4,2206,heading-4,heading,#### Scenario Writing — Guided Skill Practice (D2)
title:scenario writing - guided skill practice,heading-4=4,4,5936,heading-4,heading,#### Scenario Writing — Guided Skill Practice (D2)
title:scenario-based free write - realistic administrative response,heading-4=12,12,290,heading-4,heading,#### Scenario-Based Free Write — Realistic Administrative Response (E1)
title:scenario-based free write - realistic administrative response,heading-4=12,12,602,heading-4,heading,#### Scenario-Based Free Write — Realistic Administrative Response (E1)
title:scenario-based free write - realistic administrative response,heading-4=12,12,928,heading-4,heading,#### Scenario-Based Free Write — Realistic Administrative Response (E1)
title:scenario-based free write - realistic administrative response,heading-4=12,12,2541,heading-4,heading,#### Scenario-Based Free Write — Realistic Administrative Response (E1)
title:scenario-based free write - realistic administrative response,heading-4=12,12,2858,heading-4,heading,#### Scenario-Based Free Write — Realistic Administrative Response (E1)
title:scenario-based free write - realistic administrative response,heading-4=12,12,3484,heading-4,heading,#### Scenario-Based Free Write — Realistic Administrative Response (E1)
title:scenario-based free write - realistic administrative response,heading-4=12,12,4246,heading-4,heading,#### Scenario-Based Free Write — Realistic Administrative Response (E1)
title:scenario-based free write - realistic administrative response,heading-4=12,12,4946,heading-4,heading,#### Scenario-Based Free Write — Realistic Administrative Response (E1)
title:scenario-based risk assessment - risk and response planning,heading-4=1,1,4211,heading-4,heading,#### Scenario-Based Risk Assessment — Risk And Response Planning (D2)
title:scenario-based writing - administrative scenario response,heading-4=1,1,3130,heading-4,heading,#### Scenario-Based Writing — Administrative Scenario Response (D2)
title:self-assessment rubric - evaluate your draft,heading-4=1,1,7828,heading-4,heading,#### Self-Assessment Rubric — Evaluate Your Draft (F3)
title:self-editing checklist - final revision audit,heading-4=22,22,315,heading-4,heading,#### Self-Editing Checklist — Final Revision Audit (F3)
title:self-editing checklist - final revision audit,heading-4=22,22,635,heading-4,heading,#### Self-Editing Checklist — Final Revision Audit (F3)
title:self-editing checklist - final revision audit,heading-4=22,22,956,heading-4,heading,#### Self-Editing Checklist — Final Revision Audit (F3)
title:self-editing checklist - final revision audit,heading-4=22,22,1295,heading-4,heading,#### Self-Editing Checklist — Final Revision Audit (F3)
title:self-editing checklist - final revision audit,heading-4=22,22,1622,heading-4,heading,#### Self-Editing Checklist — Final Revision Audit (F3)
title:self-editing checklist - final revision audit,heading-4=22,22,1968,heading-4,heading,#### Self-Editing Checklist — Final Revision Audit (F3)
title:self-editing checklist - final revision audit,heading-4=22,22,2274,heading-4,heading,#### Self-Editing Checklist — Final Revision Audit (F3)
title:self-editing checklist - final revision audit,heading-4=22,22,2579,heading-4,heading,#### Self-Editing Checklist — Final Revision Audit (F3)
title:sentence rewriting - grouping information and showing relationships,heading-4=1,1,5829,heading-4,heading,#### Sentence Rewriting — Grouping Information And Showing Relationships (C3)
title:sentence rewriting - guided skill practice,heading-4=7,7,2465,heading-4,heading,#### Sentence Rewriting — Guided Skill Practice (C3)
title:sentence rewriting - guided skill practice,heading-4=7,7,2759,heading-4,heading,#### Sentence Rewriting — Guided Skill Practice (C3)
title:sentence rewriting - guided skill practice,heading-4=7,7,3085,heading-4,heading,#### Sentence Rewriting — Guided Skill Practice (C3)
title:sentence rewriting - guided skill practice,heading-4=7,7,3386,heading-4,heading,#### Sentence Rewriting — Guided Skill Practice (C3)
title:sentence rewriting - guided skill practice,heading-4=7,7,4133,heading-4,heading,#### Sentence Rewriting — Guided Skill Practice (C3)
title:sentence rewriting - guided skill practice,heading-4=7,7,4499,heading-4,heading,#### Sentence Rewriting — Guided Skill Practice (C3)
title:sentence rewriting - guided skill practice,heading-4=7,7,4838,heading-4,heading,#### Sentence Rewriting — Guided Skill Practice (C3)
"title:sentence rewriting - objective, neutral language",heading-4=1,1,5202,heading-4,heading,"#### Sentence Rewriting — Objective, Neutral Language (C3)"
title:sentence rewriting - writing clear overviews and key points,heading-4=1,1,5527,heading-4,heading,#### Sentence Rewriting — Writing Clear Overviews And Key Points (C3)
title:sequencing / ordering task - guided skill practice,heading-4=1,1,2452,heading-4,heading,#### Sequencing / Ordering Task — Guided Skill Practice (C6)
title:sequencing and prioritising requests,heading-4=1,1,2131,heading-4,heading,#### 1. Sequencing and Prioritising Requests
title:simplifying technical references,heading-4=1,1,6192,heading-4,heading,#### 1. Simplifying Technical References
title:softening strategies - guided skill practice,heading-4=1,1,459,heading-4,heading,#### 1. Softening Strategies — Guided Skill Practice (C2)
title:sorting / categorisation - classify writing choices,heading-4=2,2,714,heading-4,heading,#### Sorting / Categorisation — Classify Writing Choices (A3)
title:sorting / categorisation - classify writing choices,heading-4=2,2,5099,heading-4,heading,#### Sorting / Categorisation — Classify Writing Choices (A3)
title:source n - email from office a (n march),bold-only=1,1,5761,bold-only,bold-title,**Source 1 — Email from Office A (14 March)**
title:source n - internal report (n march),bold-only=1,1,5767,bold-only,bold-title,**Source 3 — Internal report (20 March)**
title:source n - meeting notes (n march),bold-only=1,1,5764,bold-only,bold-title,**Source 2 — Meeting Notes (17 March)**
title:stating expected benefits,heading-4=1,1,6615,heading-4,heading,#### 3. Stating Expected Benefits
title:stating required actions clearly,heading-4=1,1,6262,heading-4,heading,#### 3. Stating Required Actions Clearly
title:stating the decision clearly,heading-4=1,1,6547,heading-4,heading,#### 1. Stating the Decision Clearly
title:strengths:,bold-only=1,1,5146,bold-only,bold-title,**Strengths:**
title:structural building blocks,heading-4=1,1,1104,heading-4,heading,#### 1. Structural Building Blocks
title:structural deconstruction - document structure analysis,heading-4=2,2,3692,heading-4,heading,#### Structural Deconstruction — Document Structure Analysis (B3)
title:structural deconstruction - document structure analysis,heading-4=2,2,6925,heading-4,heading,#### Structural Deconstruction — Document Structure Analysis (B3)
title:structural deconstruction - document structure analysis (code) ★,heading-4=1,1,1091,heading-4,heading,#### Structural Deconstruction — Document Structure Analysis (B3) ★
title:structuring a complete justification,heading-4=1,1,6649,heading-4,heading,#### 4. Structuring a Complete Justification
title:structuring multi-part questions,heading-4=1,1,1476,heading-4,heading,#### 2. Structuring Multi-Part Questions
title:subordination (showing supporting or secondary ideas),heading-4=1,1,143,heading-4,heading,#### 2. Subordination (Showing Supporting Or Secondary Ideas)
title:summary,bold-only=1,1,6898,bold-only,bold-title,**Summary**
title:task - write a diplomatic error notification,heading-4=1,1,1927,heading-4,heading,#### Task — Write A Diplomatic Error Notification (E1)
title:task - write a full high-level email,heading-4=1,1,1254,heading-4,heading,#### Task — Write A Full High-Level Email (E1)
title:task - write a multi-part request message,heading-4=1,1,2233,heading-4,heading,#### Task — Write A Multi-Part Request Message (E1)
title:template-guided writing - guided template practice,heading-4=2,2,2813,heading-4,heading,#### Template-Guided Writing — Guided Template Practice (D3)
title:template-guided writing - guided template practice,heading-4=2,2,4905,heading-4,heading,#### Template-Guided Writing — Guided Template Practice (D3)
title:template-guided writing - guided template practice (code) ★,heading-4=1,1,1198,heading-4,heading,#### Template-Guided Writing — Guided Template Practice (D3) ★
title:thematic progression - guided skill practice,heading-4=1,1,845,heading-4,heading,#### 3. Thematic Progression — Guided Skill Practice (C3)
title:tone transformation - adjust register and diplomacy,heading-4=1,1,574,heading-4,heading,#### Tone Transformation — Adjust Register And Diplomacy (D4)
title:track-change simulation - revision decision practice,heading-4=4,4,5000,heading-4,heading,#### Track-Change Simulation — Revision Decision Practice (G3)
title:track-change simulation - revision decision practice,heading-4=4,4,5372,heading-4,heading,#### Track-Change Simulation — Revision Decision Practice (G3)
title:track-change simulation - revision decision practice,heading-4=4,4,7570,heading-4,heading,#### Track-Change Simulation — Revision Decision Practice (G3)
title:track-change simulation - revision decision practice,heading-4=4,4,7874,heading-4,heading,#### Track-Change Simulation — Revision Decision Practice (G3)
title:two-audience version task - adapt for two audiences,heading-4=3,3,1539,heading-4,heading,#### Two-Audience Version Task — Adapt For Two Audiences (D4)
title:two-audience version task - adapt for two audiences,heading-4=3,3,3853,heading-4,heading,#### Two-Audience Version Task — Adapt For Two Audiences (D4)
title:two-audience version task - adapt for two audiences,heading-4=3,3,4568,heading-4,heading,#### Two-Audience Version Task — Adapt For Two Audiences (D4)
title:unit n - capstone: full administrative writing assessment,heading-2=1,1,7626,heading-2,heading,## Unit 23 — Capstone: Full Administrative Writing Assessment
title:unit n - change management writing,heading-2=1,1,2656,heading-2,heading,## Unit 9 — Change Management Writing
title:unit n - cohesion & logical flow,heading-2=1,1,698,heading-2,heading,## Unit 3 — Cohesion & Logical Flow
title:unit n - communicating errors diplomatically,heading-2=1,1,1696,heading-2,heading,## Unit 6 — Communicating Errors Diplomatically
title:unit n - controlling sentence complexity,heading-2=1,1,15,heading-2,heading,## Unit 1 — Controlling Sentence Complexity
title:unit n - drafting consolidated administrative reports,heading-2=1,1,6851,heading-2,heading,## Unit 21 — Drafting Consolidated Administrative Reports
title:unit n - drafting executive briefs,heading-2=1,1,5432,heading-2,heading,## Unit 17 — Drafting Executive Briefs
title:unit n - drafting policy-aligned rationales,heading-2=1,1,4718,heading-2,heading,## Unit 15 — Drafting Policy-Aligned Rationales
title:unit n - executive-level meeting summaries,heading-2=1,1,3278,heading-2,heading,## Unit 11 — Executive-Level Meeting Summaries
title:unit n - explaining complex issues,heading-2=1,1,2975,heading-2,heading,## Unit 10 — Explaining Complex Issues
title:unit n - high-level external inquiries,heading-2=1,1,3615,heading-2,heading,## Unit 12 — High-Level External Inquiries
title:unit n - integrated writing task: complex scenario response,heading-2=1,1,7315,heading-2,heading,## Unit 22 — Integrated Writing Task: Complex Scenario Response
title:unit n - layered requests: managing multi-part actions,heading-2=1,1,2057,heading-2,heading,## Unit 7 — Layered Requests: Managing Multi-Part Actions
title:unit n - structuring high-level emails,heading-2=1,1,1032,heading-2,heading,## Unit 4 — Structuring High-Level Emails
title:unit n - synthesising information from multiple sources,heading-2=1,1,5741,heading-2,heading,## Unit 18 — Synthesising Information from Multiple Sources
title:unit n - tone for agency-level communication,heading-2=1,1,381,heading-2,heading,## Unit 2 — Tone for Agency-Level Communication
title:unit n - writing balanced evaluations,heading-2=1,1,5083,heading-2,heading,## Unit 16 — Writing Balanced Evaluations
title:unit n - writing clear procedures (advanced),heading-2=1,1,2354,heading-2,heading,## Unit 8 — Writing Clear Procedures (Advanced)
title:unit n - writing complex multi-audience messages,heading-2=1,1,4375,heading-2,heading,## Unit 14 — Writing Complex Multi-Audience Messages
title:unit n - writing concise justifications for decisions,heading-2=1,1,6483,heading-2,heading,## Unit 20 — Writing Concise Justifications for Decisions
title:unit n - writing for risk & impact assessment,heading-2=1,1,4014,heading-2,heading,## Unit 13 — Writing for Risk & Impact Assessment
title:unit n - writing policy summaries for non-expert audiences,heading-2=1,1,6097,heading-2,heading,## Unit 19 — Writing Policy Summaries for Non-Expert Audiences
title:unit n - writing precise clarification requests,heading-2=1,1,1366,heading-2,heading,## Unit 5 — Writing Precise Clarification Requests
title:unit n capstone assessment rubric,heading-3=1,1,7923,heading-3,heading,### Unit 23 Capstone Assessment Rubric
title:unit overview,heading-3=23,23,17,heading-3,heading,### Unit Overview
title:unit overview,heading-3=23,23,383,heading-3,heading,### Unit Overview
title:unit overview,heading-3=23,23,700,heading-3,heading,### Unit Overview
title:unit overview,heading-3=23,23,1034,heading-3,heading,### Unit Overview
title:unit overview,heading-3=23,23,1368,heading-3,heading,### Unit Overview
title:unit overview,heading-3=23,23,1698,heading-3,heading,### Unit Overview
title:unit overview,heading-3=23,23,2059,heading-3,heading,### Unit Overview
title:unit overview,heading-3=23,23,2356,heading-3,heading,### Unit Overview
title:useful phrases,heading-4=1,1,1118,heading-4,heading,#### Useful Phrases
title:useful phrases for precise clarification,heading-4=1,1,1442,heading-4,heading,#### 1. Useful Phrases for Precise Clarification
title:where to review this skill,bold-only=1,1,7836,bold-only,bold-title,**Where to review this skill**
title:where to send students for review,heading-4=1,1,7943,heading-4,heading,#### Where To Send Students For Review
title:worked example:,bold-only=20,20,531,bold-only,bold-title,**Worked Example:**
title:worked example:,bold-only=20,20,860,bold-only,bold-title,**Worked Example:**
title:worked example:,bold-only=20,20,1142,bold-only,bold-title,**Worked Example:**
title:worked example:,bold-only=20,20,1508,bold-only,bold-title,**Worked Example:**
title:worked example:,bold-only=20,20,1866,bold-only,bold-title,**Worked Example:**
title:worked example:,bold-only=20,20,2173,bold-only,bold-title,**Worked Example:**
title:worked example:,bold-only=20,20,2484,bold-only,bold-title,**Worked Example:**
title:worked example:,bold-only=20,20,2782,bold-only,bold-title,**Worked Example:**
title:write your own complex sentence - sentence-control practice,heading-4=1,1,246,heading-4,heading,#### Write Your Own Complex Sentence — Sentence-Control Practice (D2)
title:writing a concise rationale,heading-4=1,1,6581,heading-4,heading,#### 2. Writing a Concise Rationale
title:writing a summary opening,heading-4=1,1,6974,heading-4,heading,#### 1. Writing a Summary Opening
title:writing clear issue descriptions,heading-4=1,1,7007,heading-4,heading,#### 2. Writing Clear Issue Descriptions
title:writing next steps,heading-4=1,1,7072,heading-4,heading,#### 4. Writing Next Steps
SUSPICIOUS_NUMBERED_START,starts above 1 after boundary,1,36,numbered,numbered-list,2. *The meeting participants agreed to revise the guidelines which were noted by several offices to be inconsistent with previous instructions that require further study.*
SUSPICIOUS_NUMBERED_START,starts above 1 after boundary,1,38,numbered,numbered-list,"3. *Since the system update was completed last month but the manual was not updated, staff reported errors that made processing applications difficult which resulted in delays.*"
SUSPICIOUS_NUMBERED_START,starts above 1 after boundary,1,218,numbered,numbered-list,"2. *Since several offices raised concerns about the inconsistency, we will draft a revised explanation to ensure alignment.* → Rewrite using **Pattern 1** (main idea → reason)."
SUSPICIOUS_NUMBERED_START,starts above 1 after boundary,1,220,numbered,numbered-list,"3. *We must confirm whether the translation is final, and we must also check whether the correct version was submitted, and this is needed before the examination can proceed.* → Use **segmentation** to make the ideas clearer."
SUSPICIOUS_NUMBERED_START,starts above 1 after boundary,1,222,numbered,numbered-list,4. *The department will review the file once the updated form has been received and after the confirmation from the regional office has been processed.* → Rewrite using **Pattern 2** (purpose clause → main action).
SUSPICIOUS_NUMBERED_START,starts above 1 after boundary,1,725,numbered,numbered-list,"2. *""The review committee raised several questions following the submission. To address these, we have prepared a summary of outstanding concerns and will distribute it before Monday's meeting.""*"
SUSPICIOUS_NUMBERED_START,starts above 1 after boundary,1,727,numbered,numbered-list,"3. *""The translation was delayed. The office was informed. There is a meeting next week. We will discuss the applicant file.""*"
SUSPICIOUS_NUMBERED_START,starts above 1 after boundary,1,729,numbered,numbered-list,"4. *""Because the translation was delayed, we notified the relevant office and requested an extension. The issue will be reviewed at next week's meeting.""*"
SUSPICIOUS_NUMBERED_START,starts above 1 after boundary,1,731,numbered,numbered-list,"5. *""Several errors were found in the document. The document was sent for correction. The team reviewed the corrected version. Approval was given.""*"
SUSPICIOUS_NUMBERED_START,starts above 1 after boundary,1,733,numbered,numbered-list,"6. *""Several errors were identified and the document was returned for correction. Once the revised version had been reviewed and approved, it was forwarded to the relevant department.""*"
SUSPICIOUS_NUMBERED_START,starts above 1 after boundary,1,735,numbered,numbered-list,"7. *""We confirmed the applicant's details. There is a new procedure. The deadline is Friday.""*"
SUSPICIOUS_NUMBERED_START,starts above 1 after boundary,1,737,numbered,numbered-list,"8. *""We have confirmed the applicant's details and are now ready to proceed. In line with the updated procedure, the completed file must be submitted by Friday.""*"
SUSPICIOUS_NUMBERED_START,starts above 1 after boundary,1,976,numbered,numbered-list,"2. *""There were delays in the translation process. Some information was missing. The office did not receive the updated version. We must check which version is correct.""*"
SUSPICIOUS_NUMBERED_START,starts above 1 after boundary,1,7666,numbered,numbered-list,2. **Email from Office B:** The office is experiencing delays because some staff continue to use an outdated version of the applicant form. The updated form was received but has not been implemented consistently.
SUSPICIOUS_NUMBERED_START,starts above 1 after boundary,1,7668,numbered,numbered-list,3. **Extract from a meeting summary:** Multiple offices raised questions about applicant communication timelines. No resolution was recorded and no action points were assigned.
SUSPICIOUS_NUMBERED_START,starts above 1 after boundary,1,7670,numbered,numbered-list,"4. **Updated instructions (issued this week):** Circular 2024/12 introduces new terminology, revised sequencing steps, and a new verification requirement. All offices are required to acknowledge receipt within five days."
SUSPICIOUS_NUMBERED_START,starts above 1 after boundary,1,7672,numbered,numbered-list,"5. **Internal supervisor note:** *""Please prepare a concise consolidated report summarising current implementation issues and proposing next steps.""*"
